{"cameraMode":{"drawMode":0,"name":"Shaded","section":"Shading Mode"},"sceneLighting":true,"audioPlay":false,"sceneViewState":{"showFog":true,"showMaterialUpdate":false,"showSkybox":true,"showFlares":true,"showImageEffects":true,"showParticleSystems":true},"in2DMode":false,"pivot":{"x":263.5047607421875,"y":-2933.1083984375,"z":1405.5340576171875},"rotation":{"x":0.5805118083953857,"y":-0.04391559213399887,"z":0.0313781313598156,"w":0.8124610185623169},"size":40000.0,"orthographic":false}