{"cameraMode":{"drawMode":0,"name":"Shaded","section":"Shading Mode"},"sceneLighting":false,"audioPlay":false,"sceneViewState":{"showFog":true,"showMaterialUpdate":false,"showSkybox":true,"showFlares":true,"showImageEffects":true,"showParticleSystems":true},"in2DMode":false,"pivot":{"x":156.2578582763672,"y":-0.14908680319786073,"z":139.39694213867188},"rotation":{"x":0.7134346961975098,"y":-0.0031532051507383587,"z":0.0032104807905852796,"w":0.7007072567939758},"size":126.16246032714844,"orthographic":false}