{"cameraMode":{"drawMode":0,"name":"Shaded","section":"Shading Mode"},"sceneLighting":true,"audioPlay":false,"sceneViewState":{"showFog":true,"showMaterialUpdate":false,"showSkybox":true,"showFlares":true,"showImageEffects":true,"showParticleSystems":true},"in2DMode":false,"pivot":{"x":264.93414306640627,"y":2106.358154296875,"z":-82.85987091064453},"rotation":{"x":-0.6498585343360901,"y":-1.0942599049101887e-9,"z":7.97025911936089e-9,"w":-0.7600551843643189},"size":388.5668029785156,"orthographic":true}