{"cameraMode":{"drawMode":0,"name":"Shaded","section":"Shading Mode"},"sceneLighting":true,"audioPlay":false,"sceneViewState":{"showFog":true,"showMaterialUpdate":false,"showSkybox":true,"showFlares":true,"showImageEffects":true,"showParticleSystems":true},"in2DMode":false,"pivot":{"x":272.44403076171877,"y":-192.28225708007813,"z":327.0599365234375},"rotation":{"x":0.6899347305297852,"y":-3.853581276302975e-8,"z":3.007437499036314e-8,"w":0.7238715887069702},"size":197.60888671875,"orthographic":true}